{"x": [-10.036409752004221, -9.415681556964136, -8.794953361924051, -8.174225166883966, -7.553496971843881, -6.932768776803796, -6.312040581763711, -5.6913123867236255, -5.07058419168354, -4.449855996643455, -3.82912780160337, -3.208399606563285, -2.5876714115232, -1.9669432164831147, -1.3462150214430295, -0.7254868264029444, -0.10475863136285923, 0.5159695636772259, 1.136697758717311, 1.7574259537573962, 2.3781541487974813, 2.9988823438375665, 3.6196105388776516, 4.240338733917737, 4.861066928957822, 5.481795123997907, 6.102523319037992, 6.7232515140780755, 7.3439797091181624, 7.964707904158249, 8.585436099198333, 9.206164294238416, 9.826892489278503, 10.44762068431859, 11.068348879358673, 11.689077074398757, 12.309805269438844, 12.93053346447893, 13.551261659519014, 14.171989854559097, 14.792718049599184, 15.413446244639271, 16.034174439679354, 16.654902634719438, 17.275630829759525, 17.89635902479961, 18.517087219839695, 19.13781541487978, 19.758543609919865, 20.379271804959952, 21.000000000000036, 21.62072819504012, 22.241456390080206, 22.862184585120293, 23.482912780160373, 24.10364097520046, 24.724369170240546, 25.345097365280633, 25.96582556032072, 26.5865537553608, 27.207281950400887, 27.828010145440974, 28.448738340481054, 29.06946653552114, 29.690194730561227, 30.310922925601314, 30.9316511206414, 31.55237931568148, 32.173107510721564, 32.79383570576165, 33.41456390080174, 34.035292095841825, 34.65602029088191, 35.276748485922, 35.897476680962086, 36.51820487600216, 37.138933071042246, 37.75966126608233, 38.38038946112242, 39.001117656162506, 39.62184585120259, 40.24257404624268, 40.86330224128277, 41.48403043632284, 42.10475863136293, 42.725486826403014, 43.3462150214431, 43.96694321648319, 44.587671411523274, 45.20839960656336, 45.82912780160345, 46.44985599664352, 47.07058419168361, 47.691312386723695, 48.31204058176378, 48.93276877680387, 49.553496971843956, 50.17422516688404, 50.79495336192413, 51.4156815569642], "y": [0.008496498444347024, 0.010518286825737863, 0.012866005337253607, 0.015550370859861905, 0.018571242895765987, 0.02191540810228681, 0.02555477176572208, 0.029445172172367324, 0.03352601714561758, 0.03772090217871351, 0.04193930732280587, 0.0460793889499803, 0.05003178923543301, 0.053684289595542334, 0.0569270447280141, 0.05965806187788969, 0.061788544853865486, 0.0632477109539943, 0.06398671451552788, 0.063981372218743, 0.0632334771908372, 0.06177060227993249, 0.05964441587495507, 0.05692765346191953, 0.05370999235723008, 0.050093155426826456, 0.046185615063734684, 0.042097278272398286, 0.03793450861370225, 0.03379578600508474, 0.02976822884667857, 0.025925114249024002, 0.02232444123510523, 0.019008497783556635, 0.01600432273268034, 0.013324902672468206, 0.010970914120581406, 0.008932812076033914, 0.007193074949291238, 0.005728438906177455, 0.004511987119000746, 0.003514996503567088, 0.0027084819265091346, 0.0020644121457803147, 0.0015566005081566368, 0.0011612953650381025, 0.0008575099501853883, 0.0006271395339418828, 0.00045491600499110603, 0.00032824790017591367, 0.00023698865026509466, 0.0001731686935011265, 0.00013071919467395695, 0.00010520721480720697, 9.3594872247515e-05, 9.402866152684963e-05, 0.00010565981553557088, 0.00012849245098875176, 0.0001632532001780969, 0.00021127405229981927, 0.0002743791585851946, 0.0003547663674148431, 0.0004548752319416674, 0.0005772351519690305, 0.0007242901203807427, 0.0008982001263845191, 0.0011006234184954495, 0.0013324882406578781, 0.0015937669140239192, 0.0018832687545399197, 0.0021984707690353416, 0.0025354058674118955, 0.002888627080380112, 0.003251262779220365, 0.0036151722017014097, 0.003971203026354574, 0.004309543919571522, 0.0046201557604595486, 0.004893256634789468, 0.005119828722651389, 0.005292110819747139, 0.005404039122075124, 0.0054516014053809115, 0.005433075757935214, 0.005349134057930131, 0.005202801523534741, 0.004999275730645685, 0.004745620195224998, 0.004450357706179746, 0.004122996033043107, 0.003773522721854644, 0.003411906152412262, 0.0030476370157269434, 0.0026893384286844468, 0.002344464876273121, 0.002019101069971556, 0.0017178626697573625, 0.0014438925673630257, 0.001198939792290156, 0.0009835035306131122]}